Month,Mkt-RF,SMB,HML,RMW,CMA,RF,WML,Vol,Change,DJI
199011,6.35,-0.04,-3.21,0.83,-4.75,0.57,0.08,19.57M,4.80%,"2,559.65"
199012,2.46,0.59,-1.72,2.84,-2.00,0.60,-2.64,18.38M,2.89%,"2,633.66"
199101,4.69,3.86,-1.74,1.56,-4.08,0.52,-1.69,22.23M,3.90%,"2,736.39"
199102,7.19,3.97,-0.55,-0.25,-0.16,0.48,-7.45,29.73M,5.33%,"2,882.18"
199103,2.65,3.85,-1.32,-0.37,-0.99,0.44,1.95,24.24M,1.10%,"2,913.86"
199104,-0.28,0.32,1.48,0.52,0.71,0.53,-0.02,22.17M,-0.89%,"2,887.87"
199105,3.65,0.16,-0.57,2.10,-2.45,0.47,0.97,20.69M,4.84%,"3,027.50"
199106,-4.94,0.18,1.23,1.75,0.63,0.42,1.11,20.16M,-3.99%,"2,906.75"
199107,4.24,-0.96,-1.25,1.60,-1.41,0.49,3.45,17.46M,4.06%,"3,024.82"
199108,2.32,1.44,-0.83,0.87,-0.55,0.46,3.43,19.79M,0.62%,"3,043.60"
199109,-1.59,1.56,-0.98,-1.81,0.16,0.46,1.63,19.42M,-0.88%,"3,016.77"
199110,1.29,0.94,-0.47,-1.73,-0.29,0.42,2.46,20.40M,1.73%,"3,069.10"
199111,-4.19,-0.87,-1.85,1.06,0.12,0.39,0.96,19.67M,-5.68%,"2,894.68"
199112,10.84,-2.42,-4.11,3.57,-3.12,0.38,3.21,22.95M,9.47%,"3,168.83"
199201,-0.59,9.26,4.61,-1.33,3.15,0.34,0.40,26.44M,1.72%,"3,223.40"
199202,1.09,1.35,6.37,0.11,2.04,0.28,1.18,22.58M,1.37%,"3,267.70"
199203,-2.66,-0.90,3.61,-0.10,1.93,0.34,0.70,18.98M,-0.99%,"3,235.50"
199204,1.07,-5.73,4.27,1.69,2.22,0.32,-0.01,22.92M,3.82%,"3,359.10"
199205,0.30,0.22,1.25,-0.98,0.43,0.28,0.02,20.45M,1.13%,"3,396.90"
199206,-2.34,-2.71,3.36,-0.05,1.07,0.32,2.87,22.45M,-2.31%,"3,318.50"
199207,3.77,-0.61,-0.37,1.40,-0.72,0.31,0.97,21.06M,2.27%,"3,393.80"
199208,-2.38,-0.43,-1.06,3.73,-1.62,0.26,-3.60,134.60K,-4.02%,"3,257.40"
199209,1.19,0.50,-0.28,1.63,-0.50,0.26,2.59,21.71M,0.44%,"3,271.70"
199210,1.02,2.03,-2.01,1.30,-0.80,0.23,1.47,24.96M,-1.39%,"3,226.30"
199211,4.13,3.93,-1.40,-0.77,-1.91,0.23,0.85,23.77M,2.45%,"3,305.20"
199212,1.53,1.64,2.63,-0.41,0.75,0.28,1.56,23.84M,-0.12%,"3,301.11"
199301,0.93,2.07,5.92,-1.73,2.78,0.23,2.53,32.10M,0.27%,"3,310.00"
199302,0.12,-3.47,6.41,-0.59,4.05,0.22,0.96,31.55M,1.84%,"3,370.81"
199303,2.30,0.06,1.31,-0.14,0.92,0.25,0.42,26.60M,1.91%,"3,435.11"
199304,-3.05,-0.86,2.52,-3.58,1.52,0.24,-0.20,31.87M,-0.22%,"3,427.55"
199305,2.89,1.90,-3.45,0.00,-1.18,0.22,0.55,24.52M,2.91%,"3,527.43"
199306,0.31,0.11,2.72,-0.97,1.09,0.25,2.75,22.06M,-0.32%,"3,516.08"
199307,-0.34,0.89,2.82,-1.84,2.03,0.24,2.20,25.06M,0.67%,"3,539.47"
199308,3.71,0.13,0.13,-1.59,-0.04,0.25,0.35,24.83M,3.16%,"3,651.25"
199309,-0.12,2.98,-0.25,0.26,-0.08,0.26,0.46,24.32M,-2.63%,"3,555.12"
199310,1.41,1.90,-2.72,0.55,0.59,0.22,-0.28,26.38M,3.53%,"3,680.59"
199311,-1.89,-1.26,-0.77,2.25,-0.96,0.25,-4.81,28.57M,0.09%,"3,683.95"
199312,1.65,1.39,0.36,1.13,-0.32,0.23,1.80,24.18M,1.90%,"3,754.09"
199401,2.87,-0.01,1.13,-1.59,1.45,0.25,1.98,30.76M,5.97%,"3,978.36"
199402,-2.55,2.66,-1.59,2.20,-1.03,0.21,0.84,28.04M,-3.68%,"3,832.02"
199403,-4.78,-1.11,1.63,0.55,1.27,0.27,-1.56,31.08M,-5.12%,"3,635.96"
199404,0.68,-1.06,1.66,1.11,1.12,0.27,-0.57,30.98M,1.26%,"3,681.69"
199405,0.58,-2.52,0.66,0.66,0.70,0.31,-0.70,26.34M,2.08%,"3,758.37"
199406,-3.03,-0.52,1.72,1.15,1.53,0.31,0.08,26.37M,-3.55%,"3,624.96"
199407,2.82,-1.84,0.56,-0.63,0.11,0.28,-0.71,23.77M,3.85%,"3,764.50"
199408,4.01,1.34,-2.47,0.90,-1.45,0.37,0.51,28.81M,3.96%,"3,913.42"
199409,-2.31,2.78,-1.87,0.51,0.93,0.37,1.12,29.47M,-1.79%,"3,843.19"
199410,1.34,-2.30,-1.66,0.22,-0.62,0.38,1.09,31.82M,1.69%,"3,908.12"
199411,-4.04,0.09,-0.69,0.45,-0.44,0.37,-0.54,30.54M,-4.32%,"3,739.23"
199412,0.86,0.07,-0.20,0.50,0.31,0.44,1.65,26.71M,2.55%,"3,834.44"
199501,1.80,-3.11,2.54,0.09,-0.83,0.42,-1.19,31.18M,0.25%,"3,843.86"
199502,3.63,-0.52,1.12,0.61,-0.33,0.40,0.45,31.50M,4.35%,"4,011.05"
199503,2.19,-0.51,-2.15,-0.09,0.16,0.46,-0.48,32.04M,3.66%,"4,157.69"
199504,2.11,-0.29,1.71,0.24,1.00,0.44,1.15,30.38M,3.93%,"4,321.27"
199505,2.90,-2.20,2.23,0.37,0.09,0.54,0.36,32.70M,3.33%,"4,465.14"
199506,2.72,3.03,-2.50,-0.33,-2.44,0.47,2.77,30.16M,2.04%,"4,556.10"
199507,3.72,2.07,-1.63,0.28,-1.71,0.45,0.78,34.74M,3.34%,"4,708.47"
199508,0.55,1.78,2.84,-1.17,1.64,0.47,-0.35,27.96M,-2.08%,"4,610.56"
199509,3.35,-1.97,0.02,1.06,0.36,0.43,3.04,36.81M,3.87%,"4,789.08"
199510,-1.52,-4.09,-0.46,1.84,-0.03,0.47,2.46,32.48M,-0.70%,"4,755.48"
199511,3.96,-1.14,0.61,-0.54,1.19,0.42,0.27,29.76M,6.71%,"5,074.49"
199512,1.03,0.69,0.33,-1.35,2.99,0.49,-0.86,31.13M,0.84%,"5,117.12"
199601,2.26,-2.49,0.22,0.13,2.27,0.43,-0.60,40.72M,5.44%,"5,395.30"
199602,1.33,1.76,-1.16,0.24,-1.80,0.39,0.80,40.45M,1.67%,"5,485.62"
199603,0.73,1.63,0.31,1.46,-0.97,0.39,0.24,41.10M,1.85%,"5,587.14"
199604,2.06,4.70,-4.08,-0.14,-2.20,0.46,0.08,37.38M,-0.32%,"5,569.08"
199605,2.36,3.13,-0.80,0.15,-0.22,0.42,1.72,37.68M,1.33%,"5,643.18"
199606,-1.14,-3.57,2.26,3.34,1.09,0.40,-0.06,33.98M,0.20%,"5,654.63"
199607,-5.97,-3.82,5.16,2.95,2.59,0.45,-2.49,37.10M,-2.22%,"5,528.91"
199608,2.77,2.58,-0.78,-0.41,-2.42,0.41,1.74,29.00M,1.58%,"5,616.21"
199609,5.01,-1.37,-2.76,1.24,-2.18,0.44,2.08,33.86M,4.74%,"5,882.17"
199610,0.86,-3.84,4.92,1.52,2.97,0.42,2.57,34.93M,2.50%,"6,029.38"
199611,6.25,-3.82,1.46,2.05,-0.73,0.41,-0.09,37.69M,8.17%,"6,521.70"
199612,-1.70,3.16,1.33,0.41,1.52,0.46,0.74,38.72M,-1.13%,"6,448.27"
199701,4.98,-1.85,-1.43,1.23,-0.28,0.45,2.55,47.52M,5.66%,"6,813.09"
199702,-0.49,-2.66,5.70,0.67,3.41,0.39,-1.21,42.50M,0.95%,"6,877.74"
199703,-5.02,-0.50,3.43,0.46,1.66,0.43,0.97,51.28M,-4.28%,"6,583.48"
199704,4.04,-5.72,0.09,3.36,-0.90,0.43,4.17,52.70M,6.46%,"7,009.00"
199705,6.74,4.74,-4.08,-1.03,-2.91,0.49,-2.35,52.27M,4.59%,"7,331.00"
199706,4.10,1.17,1.62,0.61,0.55,0.37,0.83,54.08M,4.66%,"7,672.80"
199707,7.33,-2.76,0.20,0.09,-2.56,0.43,6.35,59.70M,7.17%,"8,222.60"
199708,-4.15,7.65,1.12,-1.01,-0.02,0.41,0.03,55.48M,-7.30%,"7,622.40"
199709,5.35,2.50,0.29,-1.59,-0.93,0.44,5.59,60.11M,4.24%,"7,945.30"
199710,-3.80,-0.54,2.33,1.07,1.87,0.42,-1.69,72.84M,-6.33%,"7,442.10"
199711,2.98,-5.09,1.24,2.83,1.66,0.39,2.82,57.28M,5.12%,"7,823.10"
199712,1.32,-2.14,4.03,0.76,1.92,0.48,5.23,54.22M,1.09%,"7,908.30"
199801,0.15,-1.30,-1.65,0.87,-0.85,0.43,-2.73,68.90M,-0.02%,"7,906.50"
199802,7.04,0.14,-0.78,-0.31,-2.41,0.39,-1.76,774.50K,8.08%,"8,545.72"
199803,4.76,-0.67,1.54,-0.30,-0.47,0.39,2.99,56.98M,2.97%,"8,799.81"
199804,0.73,-0.05,0.89,-1.63,-0.23,0.43,1.50,68.89M,3.00%,"9,063.37"
199805,-3.07,-2.95,3.43,1.05,2.54,0.40,1.63,56.23M,-1.80%,"8,899.95"
199806,3.18,-3.72,-1.80,-0.29,-2.93,0.41,4.79,61.32M,0.59%,"8,952.02"
199807,-2.46,-5.25,-1.71,1.83,0.45,0.40,3.79,67.69M,-0.77%,"8,883.29"
199808,-16.08,-5.17,3.56,3.45,5.84,0.43,0.10,83.79M,-15.13%,"7,539.07"
199809,6.15,-0.80,-3.42,-1.69,-2.91,0.46,-0.30,94.51M,4.03%,"7,842.62"
199810,7.13,-3.43,-2.21,0.77,0.29,0.32,-3.96,90.33M,9.56%,"8,592.10"
199811,6.10,0.71,-3.16,-1.08,-1.15,0.31,0.58,73.06M,6.10%,"9,116.55"
199812,6.16,-1.57,-4.20,-0.66,-3.33,0.38,7.53,70.95M,0.71%,"9,181.43"
199901,3.50,-0.62,-4.66,-2.66,-6.86,0.35,4.84,96.45M,1.93%,"9,358.83"
199902,-4.08,-5.22,1.91,-1.24,4.09,0.35,-1.09,85.61M,-0.56%,"9,306.58"
199903,3.45,-4.18,-2.77,-3.90,-1.40,0.43,-2.67,91.51M,5.15%,"9,786.16"
199904,4.33,4.67,2.34,-2.26,0.92,0.37,-7.23,105.64M,10.25%,"10,789.04"
199905,-2.46,3.64,2.36,0.76,3.36,0.34,-0.58,95.77M,-2.13%,"10,559.74"
199906,4.77,2.27,-3.40,1.11,-3.38,0.40,5.71,86.02M,3.89%,"10,970.80"
199907,-3.49,2.49,-0.48,0.45,3.11,0.38,1.36,83.56M,-2.88%,"10,655.15"
199908,-1.38,-1.83,-1.72,-0.20,0.31,0.39,4.25,89.01M,1.63%,"10,829.28"
199909,-2.79,2.57,-3.42,-0.77,-1.07,0.39,4.61,88.58M,-4.55%,"10,336.95"
199910,6.12,-7.05,-3.16,-1.88,-1.25,0.39,5.07,111.41M,3.80%,"10,729.86"
199911,3.37,5.81,-6.07,-4.01,-1.58,0.36,11.16,162.30M,1.38%,"10,877.81"
199912,7.72,5.42,-8.40,-7.53,-5.29,0.44,12.14,145.90M,5.69%,"11,497.12"
200001,-4.74,4.38,-1.75,-6.07,4.73,0.41,2.99,202.32M,-4.84%,"10,940.53"
200002,2.45,18.08,-8.94,-18.48,-0.51,0.43,17.74,192.62M,-7.42%,"10,128.31"
200003,5.20,-14.89,7.66,11.53,-1.05,0.47,-12.27,214.53M,7.84%,"10,921.92"
200004,-6.40,-5.25,7.41,7.66,5.27,0.46,-10.76,222.28M,-1.72%,"10,733.91"
200005,-4.42,-4.11,5.01,4.36,0.74,0.50,-11.04,180.90M,-1.97%,"10,522.33"
200006,4.64,9.89,-8.22,-8.05,-3.07,0.40,6.89,183.98M,-0.71%,"10,447.89"
200007,-2.51,-1.03,8.40,6.28,2.99,0.48,-2.61,171.24M,0.71%,"10,521.98"
200008,7.03,-0.94,-1.47,-3.17,0.61,0.50,5.98,165.39M,6.59%,"11,215.10"
200009,-5.45,0.02,7.28,2.77,6.43,0.51,-3.67,243.81M,-5.03%,"10,650.92"
200010,-2.76,-2.86,5.71,9.44,4.67,0.56,-6.55,297.12M,3.01%,"10,971.14"
200011,-10.72,-0.69,12.53,13.38,8.51,0.51,-7.67,240.12M,-5.07%,"10,414.49"
200012,1.19,3.16,7.67,2.35,5.68,0.50,3.63,270.67M,3.59%,"10,787.99"
200101,3.13,5.78,-5.33,-5.31,-6.55,0.54,-13.97,290.79M,0.92%,"10,887.36"
200102,-10.05,2.63,12.58,9.09,9.56,0.38,8.66,232.54M,-3.60%,"10,495.28"
200103,-7.26,2.27,6.52,3.27,3.94,0.42,5.53,287.98M,-5.87%,"9,878.78"
200104,7.94,-0.66,-4.80,-3.42,-3.95,0.39,-5.04,272.38M,8.67%,"10,734.97"
200105,0.72,3.56,3.34,0.17,2.18,0.32,3.48,214.03M,1.65%,"10,911.94"
200106,-1.94,6.63,-1.16,1.32,-1.79,0.28,4.50,249.67M,-3.75%,"10,502.40"
200107,-2.13,-2.83,5.35,7.42,3.01,0.30,4.04,230.02M,0.19%,"10,522.81"
200108,-6.46,2.73,2.33,3.94,6.50,0.31,6.97,185.20M,-5.45%,"9,949.75"
200109,-9.25,-5.74,1.57,4.89,3.28,0.28,9.37,393.05M,-11.08%,"8,847.56"
200110,2.46,5.37,-7.66,-2.98,-4.64,0.22,-5.70,259.44M,2.57%,"9,075.14"
200111,7.54,-0.35,2.16,-3.88,-1.66,0.17,-9.53,235.38M,8.56%,"9,851.56"
200112,1.60,5.21,0.90,0.24,-0.29,0.15,1.04,222.48M,1.73%,"10,021.57"
200201,-1.44,1.23,3.38,4.66,2.84,0.14,3.33,248.94M,-1.01%,"9,920.00"
200202,-2.29,-0.38,2.21,8.04,5.12,0.13,5.30,259.03M,1.88%,"10,106.13"
200203,4.24,4.20,1.08,-1.75,0.61,0.13,-2.05,238.46M,2.95%,"10,403.94"
200204,-5.20,6.65,3.96,4.46,5.41,0.15,5.96,244.69M,-4.40%,"9,946.22"
200205,-1.38,-3.08,1.57,2.16,2.42,0.14,2.58,228.30M,-0.21%,"9,925.25"
200206,-7.21,3.80,0.04,3.79,2.51,0.13,6.51,305.77M,-6.87%,"9,243.26"
200207,-8.18,-6.26,-3.71,3.72,-0.72,0.15,2.98,365.58M,-5.48%,"8,736.59"
200208,0.50,-1.42,3.23,1.25,-1.62,0.14,2.01,262.20M,-0.84%,"8,663.50"
200209,-10.35,3.03,1.49,3.19,-2.28,0.14,8.76,298.76M,-12.37%,"7,591.93"
200210,7.84,-4.32,-4.07,-3.35,0.91,0.14,-4.51,338.71M,10.60%,"8,397.03"
200211,5.96,3.02,-1.51,-8.93,5.10,0.12,-10.65,276.00M,5.94%,"8,896.09"
200212,-5.76,0.51,2.28,6.18,-1.60,0.11,9.36,228.46M,-6.23%,"8,341.63"
200301,-2.57,0.72,-0.86,-0.94,0.79,0.10,1.44,273.05M,-3.45%,"8,053.81"
200302,-1.88,-0.95,-1.33,0.87,-0.55,0.09,3.40,245.44M,-2.02%,"7,891.08"
200303,1.09,0.59,-2.15,1.89,-0.71,0.10,1.68,281.79M,1.28%,"7,992.13"
200304,8.22,1.05,0.89,-4.59,1.11,0.10,-8.24,256.26M,6.11%,"8,480.09"
200305,6.05,4.67,0.11,-7.07,3.14,0.09,-5.78,234.92M,4.37%,"8,850.26"
200306,1.42,1.68,0.39,0.48,-0.36,0.10,-2.69,248.18M,1.53%,"8,985.44"
200307,2.35,4.71,-1.08,-4.22,1.87,0.07,-2.49,234.33M,2.76%,"9,233.80"
200308,2.34,2.58,1.61,-2.29,2.20,0.07,-0.91,3.81B,1.97%,"9,415.82"
200309,-1.24,0.46,0.05,1.07,0.31,0.08,0.08,4.39B,-1.49%,"9,275.06"
200310,6.08,2.66,1.92,-1.37,1.55,0.07,4.59,4.79B,5.67%,"9,801.12"
200311,1.35,2.22,1.80,0.14,1.67,0.07,0.06,3.55B,-0.19%,"9,782.46"
200312,4.29,-2.58,1.58,0.49,0.97,0.08,-1.91,4.17B,6.86%,"10,453.92"
200401,2.15,2.44,2.45,-3.67,3.40,0.07,2.83,4.38B,0.33%,"10,488.07"
200402,1.40,-0.96,0.86,2.16,-1.34,0.06,-0.24,3.82B,0.91%,"10,583.92"
200403,-1.32,2.13,0.24,1.70,-1.04,0.09,0.58,4.97B,-2.14%,"10,357.70"
200404,-1.83,-2.05,-3.07,3.48,-2.80,0.08,-3.12,4.53B,-1.28%,"10,225.57"
200405,1.17,-0.43,-0.29,-1.19,-0.08,0.06,-0.33,4.02B,-0.36%,"10,188.45"
200406,1.86,2.57,1.23,1.18,-0.41,0.08,2.11,4.11B,2.42%,"10,435.48"
200407,-4.06,-3.05,3.28,5.07,-1.62,0.10,-1.93,4.45B,-2.83%,"10,139.71"
200408,0.08,-1.26,0.96,1.14,-1.45,0.11,0.39,3.72B,0.34%,"10,173.92"
200409,1.60,3.28,-0.07,-1.32,-1.89,0.11,2.36,4.63B,-0.92%,"10,080.27"
200410,1.43,0.20,-0.29,-0.30,0.40,0.11,-0.36,5.29B,-0.52%,"10,027.47"
200411,4.54,4.08,1.43,-0.66,-0.23,0.15,1.67,5.61B,3.99%,"10,428.02"
200412,3.43,-0.06,-0.18,-1.17,0.51,0.16,-0.55,5.74B,3.40%,"10,783.01"
200501,-2.76,-1.21,2.01,2.73,-1.38,0.16,2.48,5.30B,-2.72%,"10,489.94"
200502,1.89,-0.30,1.63,1.47,-0.04,0.16,2.27,5.04B,2.63%,"10,766.23"
200503,-1.97,-1.35,2.14,0.56,1.12,0.21,1.16,5.82B,-2.44%,"10,503.76"
200504,-2.61,-4.02,0.05,0.82,-0.90,0.21,0.32,5.85B,-2.96%,"10,192.51"
200505,3.65,2.72,-0.66,-1.09,0.28,0.24,0.33,4.84B,2.70%,"10,467.48"
200506,0.57,3.26,2.82,1.10,-0.52,0.23,2.57,5.03B,-1.84%,"10,274.97"
200507,3.92,2.79,-0.83,-1.21,-0.98,0.24,0.88,4.82B,3.56%,"10,640.91"
200508,-1.22,-0.88,1.38,-2.10,0.44,0.30,3.17,5.08B,-1.50%,"10,481.60"
200509,0.49,-0.34,0.74,0.34,-0.57,0.29,3.30,5.22B,0.83%,"10,568.70"
200510,-2.02,-1.41,0.45,-0.86,-1.25,0.27,-1.10,5.83B,-1.22%,"10,440.07"
200511,3.61,0.81,-1.16,-0.77,-1.18,0.31,0.84,5.39B,3.50%,"10,805.87"
200512,-0.25,-0.25,0.24,0.17,0.22,0.32,2.53,5.22B,-0.82%,"10,717.50"
200601,3.04,5.80,0.99,-0.60,-0.54,0.35,3.72,6.43B,1.37%,"10,864.86"
200602,-0.30,-0.44,-0.26,-0.58,2.03,0.34,-1.86,5.76B,1.18%,"10,993.41"
200603,1.46,3.42,0.68,-0.03,-0.52,0.37,2.13,6.68B,1.05%,"11,109.32"
200604,0.73,-0.80,2.37,1.80,-0.20,0.36,1.46,5.58B,2.32%,"11,367.14"
200605,-3.57,-3.00,2.45,1.07,1.31,0.43,-3.01,7.30B,-1.75%,"11,168.31"
200606,-0.35,-0.23,0.92,1.36,-0.11,0.40,-0.20,6.92B,-0.16%,"11,150.22"
200607,-0.78,-3.63,2.67,1.67,0.93,0.40,-0.27,5.55B,0.32%,"11,185.68"
200608,2.03,0.47,-1.98,-1.79,2.15,0.42,-1.28,4.62B,1.75%,"11,381.15"
200609,1.84,-1.40,-0.04,0.91,0.53,0.41,-0.32,4.49B,2.62%,"11,679.07"
200610,3.23,1.94,-0.30,-0.09,0.26,0.41,0.59,5.54B,3.44%,"12,080.73"
200611,1.71,0.80,0.07,0.19,-0.88,0.42,0.48,4.72B,1.17%,"12,221.93"
200612,0.87,-0.80,2.72,-0.61,2.05,0.40,1.41,4.34B,1.97%,"12,463.15"
200701,1.40,0.12,-0.69,0.54,0.24,0.44,0.65,4.99B,1.27%,"12,621.69"
200702,-1.96,1.39,-0.17,-0.45,-0.74,0.38,-0.04,4.35B,-2.80%,"12,268.63"
200703,0.68,0.15,-0.83,0.55,-0.59,0.43,1.80,5.63B,0.70%,"12,354.35"
200704,3.49,-2.06,-1.38,1.05,1.01,0.44,1.26,4.82B,5.74%,"13,062.91"
200705,3.24,0.41,-0.63,1.57,-1.29,0.41,0.82,4.99B,4.32%,"13,627.64"
200706,-1.96,0.75,-1.10,0.57,0.07,0.40,0.10,5.22B,-1.61%,"13,408.62"
200707,-3.73,-2.90,-3.55,0.19,-1.04,0.40,2.61,5.51B,-1.47%,"13,211.99"
200708,0.92,-0.40,-1.91,-1.33,-0.56,0.42,-0.86,6.20B,1.10%,"13,357.74"
200709,3.22,-2.39,-2.21,-0.54,-3.17,0.32,4.90,4.33B,4.03%,"13,895.63"
200710,1.80,-0.01,-2.91,-0.25,-0.10,0.32,3.78,5.01B,0.25%,"13,930.01"
200711,-4.83,-2.93,-1.00,1.72,-0.34,0.34,-0.45,5.98B,-4.01%,"13,371.72"
200712,-0.87,0.15,-0.59,0.83,-1.09,0.27,2.64,4.31B,-0.80%,"13,264.82"
200801,-6.36,-0.48,3.67,2.28,2.20,0.21,-4.91,7.46B,-4.63%,"12,650.36"
200802,-3.09,-0.51,-0.88,1.06,-1.06,0.13,5.07,5.72B,-3.04%,"12,266.39"
200803,-0.93,0.66,0.14,0.95,0.47,0.17,0.58,6.23B,-0.03%,"12,262.89"
200804,4.60,-1.07,-0.96,1.99,-2.54,0.18,-0.47,5.05B,4.54%,"12,820.13"
200805,1.86,3.14,-1.45,1.04,0.04,0.18,2.68,4.53B,-1.42%,"12,638.32"
200806,-8.44,1.19,-2.77,4.94,-0.42,0.17,9.23,5.31B,-10.19%,"11,350.01"
200807,-0.77,3.63,5.27,-1.20,1.06,0.15,-4.35,5.52B,0.25%,"11,378.02"
200808,1.53,3.40,1.45,1.88,0.81,0.13,-3.32,3.58B,1.45%,"11,543.55"
200809,-9.24,0.28,6.07,2.31,1.78,0.15,0.17,6.30B,-6.00%,"10,850.66"
200810,-17.23,-3.31,-2.37,2.94,1.92,0.08,7.54,8.31B,-14.06%,"9,325.01"
200811,-7.86,-3.88,-6.31,4.50,2.72,0.03,4.17,6.26B,-5.32%,"8,829.04"
200812,1.74,3.36,0.14,0.06,-1.41,0.00,-2.30,5.70B,-0.60%,"8,776.39"
200901,-8.12,-1.90,-11.12,0.44,-1.16,0.00,0.14,6.26B,-8.84%,"8,000.86"
200902,-10.10,-1.20,-7.03,1.32,-1.11,0.01,2.21,7.13B,-11.72%,"7,062.93"
200903,8.95,0.68,3.40,-2.45,-2.22,0.02,-9.11,10.56B,7.73%,"7,608.92"
200904,10.18,6.94,5.21,1.38,0.14,0.01,-24.26,7.80B,7.35%,"8,168.12"
200905,5.21,-2.46,0.49,-1.20,-2.16,0.00,-10.40,6.73B,4.07%,"8,500.33"
200906,0.43,2.28,-2.62,-1.38,-0.18,0.01,2.72,5.52B,-0.63%,"8,447.00"
200907,7.72,2.40,4.87,-0.41,3.21,0.01,-2.90,4.90B,8.58%,"9,171.61"
200908,3.33,-0.10,7.50,-2.81,3.23,0.01,-6.20,4.04B,3.54%,"9,496.28"
200909,4.08,2.72,0.89,1.57,0.38,0.01,-2.28,4.48B,2.27%,"9,712.28"
200910,-2.59,-4.79,-4.03,3.98,-1.68,0.00,1.63,5.15B,0.00%,"9,712.73"
200911,5.56,-2.76,-0.25,0.99,0.16,0.00,0.74,3.81B,6.51%,"10,344.84"
200912,2.75,6.27,-0.11,0.82,-0.08,0.01,2.09,4.17B,0.80%,"10,428.05"
201001,-3.36,0.34,0.33,-1.18,0.43,0.00,-2.26,4.39B,-3.46%,"10,067.33"
201002,3.40,1.48,3.19,-0.40,1.43,0.00,1.50,4.28B,2.56%,"10,325.26"
201003,6.31,1.80,2.11,-0.67,1.69,0.01,4.03,4.39B,5.15%,"10,856.63"
201004,2.00,4.99,2.91,0.88,1.69,0.01,1.77,4.24B,1.40%,"11,008.61"
201005,-7.89,0.09,-2.39,1.24,-0.19,0.01,-0.73,5.61B,-7.92%,"10,136.63"
201006,-5.57,-2.46,-4.52,-0.31,-1.50,0.01,-0.89,4.94B,-3.58%,"9,774.02"
201007,6.93,0.09,-0.36,0.29,2.03,0.01,0.29,4.20B,7.08%,"10,465.94"
201008,-4.77,-3.15,-1.90,0.49,-1.67,0.01,2.30,4.12B,-4.31%,"10,014.72"
201009,9.54,3.72,-3.23,-0.32,0.49,0.01,2.34,3.76B,7.72%,"10,788.05"
201010,3.88,0.71,-2.46,1.16,-0.16,0.01,0.51,3.79B,3.06%,"11,118.49"
201011,0.60,3.67,-0.95,0.34,1.60,0.01,4.30,3.81B,-1.01%,"11,006.02"
201012,6.82,0.99,3.64,-3.42,3.18,0.01,-0.40,3.25B,5.19%,"11,577.51"
201101,1.99,-2.43,0.82,-0.64,0.75,0.01,-1.60,3.68B,2.72%,"11,891.93"
201102,3.49,1.63,1.29,-1.96,0.95,0.01,1.22,3.22B,2.81%,"12,226.34"
201103,0.46,2.66,-1.76,1.58,-0.01,0.01,1.32,3.85B,0.76%,"12,319.73"
201104,2.90,-0.56,-2.43,0.88,-0.79,0.00,1.51,3.32B,3.98%,"12,810.54"
201105,-1.27,-0.60,-2.05,2.08,-1.59,0.00,0.31,3.58B,-1.88%,"12,569.79"
201106,-1.75,0.15,-0.42,2.38,-1.48,0.00,1.46,3.88B,-1.24%,"12,414.34"
201107,-2.35,-1.31,-0.88,2.64,-1.68,0.00,2.01,3.09B,-2.18%,"12,143.24"
201108,-5.99,-3.16,-2.56,3.41,-0.20,0.01,-0.85,6.20B,-4.36%,"11,613.53"
201109,-7.59,-3.68,-1.71,2.12,0.27,0.00,-2.86,4.40B,-6.03%,"10,913.38"
201110,11.35,3.47,0.13,-2.41,-0.84,0.00,-1.33,3.91B,9.54%,"11,955.01"
201111,-0.28,-0.25,-0.48,1.83,1.49,0.00,4.53,3.40B,0.76%,"12,045.68"
201112,0.74,-0.39,1.68,1.01,2.36,0.00,2.05,3.15B,1.43%,"12,217.56"
201201,5.05,2.11,-0.90,-2.05,-1.41,0.00,-6.77,2.98B,3.40%,"12,632.91"
201202,4.42,-1.69,0.46,-0.38,-0.06,0.00,-2.62,2.71B,2.53%,"12,952.07"
201203,3.11,-0.50,1.21,-0.57,0.81,0.00,3.58,3.20B,2.01%,"13,212.04"
201204,-0.85,-0.52,-0.77,1.26,0.67,0.00,4.86,2.57B,0.01%,"13,213.63"
201205,-6.19,0.00,-1.04,2.50,2.41,0.01,6.25,3.05B,-6.21%,"12,393.45"
201206,3.89,0.94,0.58,-1.26,0.32,0.00,-0.99,2.92B,3.93%,"12,880.09"
201207,0.79,-2.69,-0.05,0.93,0.10,0.00,3.72,2.58B,1.00%,"13,008.68"
201208,2.55,0.44,1.12,-1.42,-0.72,0.01,-1.71,2.27B,0.63%,"13,090.84"
201209,2.73,0.65,1.56,-1.32,1.60,0.01,-1.27,2.70B,2.65%,"13,437.13"
201210,-1.76,-0.80,3.61,-1.50,2.27,0.01,0.00,2.47B,-2.54%,"13,096.46"
201211,0.78,0.31,-0.83,0.39,0.92,0.01,1.06,2.68B,-0.54%,"13,025.58"
201212,1.18,1.88,3.53,-1.79,0.89,0.01,-1.80,2.67B,0.60%,"13,104.14"
201301,5.57,0.55,0.98,-1.72,1.46,0.00,0.17,2.79B,5.77%,"13,860.58"
201302,1.29,-0.36,0.13,-0.65,0.47,0.00,3.20,2.49B,1.40%,"14,054.49"
201303,4.03,0.85,-0.23,0.55,1.32,0.00,3.78,2.55B,3.73%,"14,578.54"
201304,1.55,-2.28,0.53,0.13,0.48,0.00,3.08,2.92B,1.79%,"14,839.80"
201305,2.80,2.00,2.61,-2.01,-0.74,0.00,-1.47,2.77B,1.86%,"15,115.57"
201306,-1.20,1.35,-0.09,-0.35,-0.02,0.00,0.80,2.93B,-1.36%,"14,909.60"
201307,5.65,1.81,0.56,-1.33,0.55,0.00,1.64,2.57B,3.96%,"15,499.54"
201308,-2.71,-0.03,-2.66,0.59,-2.18,0.00,-1.32,2.33B,-4.45%,"14,810.31"
201309,3.77,2.65,-1.15,-0.60,-1.26,0.00,3.33,2.37B,2.16%,"15,129.67"
201310,4.18,-1.49,1.21,2.78,0.84,0.00,0.30,2.21B,2.75%,"15,545.75"
201311,3.13,1.33,0.29,0.13,0.07,0.00,2.15,1.82B,3.48%,"16,086.41"
201312,2.81,-0.58,-0.05,-0.47,0.09,0.00,1.11,2.06B,3.05%,"16,576.66"
201401,-3.32,0.58,-2.02,-3.93,-1.36,0.00,1.27,2.18B,-5.30%,"15,698.85"
201402,4.65,0.11,-0.36,-0.24,-0.41,0.00,1.50,2.07B,3.97%,"16,321.71"
201403,0.43,-1.12,4.90,2.17,1.83,0.00,-2.31,2.10B,0.83%,"16,457.66"
201404,-0.19,-4.13,1.12,3.53,1.02,0.00,-3.39,1.99B,0.75%,"16,580.84"
201405,2.06,-1.91,-0.12,0.03,-1.05,0.00,0.54,1.64B,0.82%,"16,717.17"
201406,2.61,3.09,-0.67,-1.91,-1.95,0.00,0.30,1.76B,0.65%,"16,826.60"
201407,-2.04,-4.27,0.02,0.92,0.47,0.00,0.52,1.69B,-1.56%,"16,563.30"
201408,4.24,0.29,-0.42,-0.61,-0.70,0.00,0.40,1.48B,3.23%,"17,098.45"
201409,-1.97,-3.74,-1.38,1.24,-0.53,0.00,1.08,1.87B,-0.32%,"17,042.90"
201410,2.52,3.80,-1.80,-0.48,-0.19,0.00,-0.14,2.31B,2.04%,"17,390.52"
201411,2.55,-2.27,-3.07,1.49,0.20,0.00,0.98,1.52B,2.52%,"17,828.24"
201412,-0.06,2.85,2.23,-1.16,0.88,0.00,1.12,2.22B,-0.03%,"17,823.07"
201501,-3.11,-0.86,-3.56,1.68,-1.65,0.00,3.90,2.17B,-3.69%,"17,164.95"
201502,6.14,0.23,-1.81,-1.16,-1.78,0.00,-2.43,1.75B,5.64%,"18,132.70"
201503,-1.12,3.04,-0.41,0.10,-0.51,0.00,1.75,2.47B,-1.97%,"17,776.12"
201504,0.59,-3.06,1.88,-0.04,-0.45,0.00,-3.30,2.17B,0.36%,"17,840.52"
201505,1.36,0.80,-1.10,-1.82,-0.74,0.00,4.29,1.83B,0.95%,"18,010.68"
201506,-1.53,2.86,-0.74,0.42,-1.50,0.00,1.99,2.22B,-2.17%,"17,619.51"
201507,1.54,-4.51,-4.21,0.10,-2.50,0.00,3.53,2.03B,0.40%,"17,689.86"
201508,-6.04,0.38,2.73,0.69,1.24,0.00,-0.68,2.73B,-6.57%,"16,528.03"
201509,-3.07,-2.77,0.39,1.86,-0.45,0.00,3.48,2.72B,-1.47%,"16,284.70"
201510,7.75,-2.18,-0.25,0.87,0.41,0.00,-2.61,2.61B,8.47%,"17,663.54"
201511,0.56,3.37,-0.49,-2.64,-1.08,0.00,2.07,2.30B,0.32%,"17,719.92"
201512,-2.17,-3.01,-2.45,0.45,0.04,0.01,3.39,2.52B,-1.66%,"17,425.03"
201601,-5.77,-3.41,2.01,2.81,3.05,0.01,0.58,2.84B,-5.50%,"16,466.30"
201602,-0.08,0.98,-0.59,3.33,2.12,0.02,-2.71,2.49B,0.30%,"16,516.50"
201603,6.96,1.07,1.11,0.77,-0.08,0.02,-2.74,2.41B,7.08%,"17,685.09"
201604,0.92,1.18,3.28,-2.89,2.01,0.01,-3.26,2.10B,0.50%,"17,773.64"
201605,1.78,-0.72,-1.60,-1.19,-2.52,0.01,2.93,1.88B,0.08%,"17,787.20"
201606,-0.05,0.50,-1.40,1.41,1.98,0.02,6.09,2.35B,0.80%,"17,929.99"
201607,3.95,2.60,-1.23,1.14,-1.24,0.02,-1.71,1.82B,2.80%,"18,432.24"
201608,0.50,1.66,3.31,-1.81,-0.35,0.02,-3.85,1.70B,-0.17%,"18,400.88"
201609,0.25,1.79,-1.21,-2.13,-0.06,0.02,1.62,2.10B,-0.50%,"18,308.15"
201610,-2.02,-4.08,4.07,0.91,0.21,0.02,-1.14,1.79B,-0.91%,"18,142.42"
201611,4.86,6.80,8.22,-0.07,3.78,0.01,-4.11,2.11B,5.41%,"19,123.58"
201612,1.82,0.41,3.51,1.14,-0.29,0.03,-1.49,5.95B,3.34%,"19,762.60"
201701,1.94,-1.35,-2.81,-0.50,-0.94,0.04,1.76,6.48B,0.51%,"19,864.09"
201702,3.57,-2.18,-1.79,0.27,-1.74,0.04,-1.88,6.19B,4.77%,"20,812.24"
201703,0.17,0.80,-3.33,0.80,-1.04,0.03,0.12,6.94B,-0.72%,"20,663.22"
201704,1.09,0.48,-2.11,1.96,-1.58,0.05,0.06,5.39B,1.34%,"20,940.51"
201705,1.06,-3.11,-3.67,1.02,-1.93,0.06,1.09,6.61B,0.33%,"21,008.65"
201706,0.78,2.46,1.45,-2.23,-0.05,0.06,0.50,7.21B,1.62%,"21,349.63"
201707,1.87,-1.65,-0.36,-0.77,-0.21,0.07,1.77,5.57B,2.54%,"21,891.12"
201708,0.16,-1.81,-2.19,0.14,-2.42,0.09,1.95,6.15B,0.26%,"21,948.10"
201709,2.51,4.78,3.14,-1.38,1.64,0.09,0.01,6.34B,2.08%,"22,405.09"
201710,2.25,-1.96,0.12,0.93,-3.35,0.09,3.44,7.30B,4.34%,"23,377.24"
201711,3.12,-0.33,-0.09,3.30,0.05,0.08,0.46,7.34B,3.83%,"24,272.35"
201712,1.06,-1.02,0.17,0.72,1.67,0.09,-1.07,6.59B,1.84%,"24,719.22"
201801,5.58,-3.19,-1.32,-0.82,-0.86,0.11,3.27,9.12B,5.79%,"26,149.39"
201802,-3.65,0.37,-1.01,0.58,-2.23,0.11,2.43,9.45B,-4.28%,"25,029.20"
201803,-2.35,3.60,-0.12,-0.45,0.00,0.12,-1.11,8.87B,-3.70%,"24,103.11"
201804,0.29,0.96,0.50,-2.33,1.18,0.14,-0.49,8.06B,0.25%,"24,163.15"
201805,2.65,4.74,-3.15,-2.01,-1.44,0.14,3.11,7.28B,1.05%,"24,415.84"
201806,0.48,0.89,-2.31,0.83,0.34,0.14,-1.38,7.41B,-0.59%,"24,271.41"
201807,3.19,-1.95,0.57,1.53,0.40,0.16,-1.63,5.41B,4.71%,"25,415.19"
201808,3.44,0.64,-3.92,-0.15,-2.47,0.16,3.46,5.64B,2.16%,"25,964.82"
201809,0.06,-2.49,-1.63,0.59,1.26,0.15,0.59,5.26B,1.90%,"26,458.31"
201810,-7.68,-4.51,3.46,0.91,3.45,0.19,-2.46,8.37B,-5.07%,"25,115.76"
201811,1.69,-0.80,0.34,-0.63,0.33,0.18,-1.58,7.23B,1.68%,"25,538.46"
201812,-9.55,-2.99,-1.89,-0.09,0.15,0.19,1.46,8.10B,-8.66%,"23,327.46"
201901,8.41,3.05,-0.46,-0.65,-1.36,0.21,-3.85,7.19B,7.17%,"24,999.67"
201902,3.40,1.79,-2.71,0.09,-1.47,0.18,0.36,5.43B,3.67%,"25,916.00"
201903,1.10,-3.56,-4.19,0.86,-1.03,0.19,2.89,6.63B,0.05%,"25,928.68"
201904,3.96,-1.16,2.02,1.64,-2.18,0.21,-2.81,5.85B,2.56%,"26,592.91"
201905,-6.94,-1.50,-2.28,-0.54,1.78,0.21,6.68,6.36B,-6.69%,"24,815.04"
201906,6.93,0.33,-0.79,0.99,-0.38,0.18,-1.07,5.54B,7.19%,"26,599.96"
201907,1.19,-1.91,0.34,-0.16,0.34,0.19,1.01,5.27B,0.99%,"26,864.27"
201908,-2.58,-3.28,-4.85,0.42,-0.89,0.16,4.32,6.24B,-1.72%,"26,403.28"
201909,1.43,0.24,6.77,1.99,3.50,0.18,-4.43,5.09B,1.95%,"26,916.83"
201910,2.06,0.20,-1.88,0.25,-0.99,0.15,-1.23,5.72B,0.48%,"27,046.23"
201911,3.87,0.52,-2.05,-1.58,-1.24,0.12,-1.01,4.98B,3.72%,"28,051.41"
201912,2.77,0.94,1.91,0.09,1.29,0.14,0.27,5.14B,1.74%,"28,538.44"
202001,-0.11,-4.40,-6.27,-1.36,-2.34,0.13,4.15,6.27B,-0.99%,"28,256.03"
202002,-8.13,-0.03,-3.92,-1.61,-2.49,0.12,0.19,7.05B,-10.07%,"25,409.36"
202003,-13.38,-8.38,-13.96,-1.38,1.21,0.12,6.23,15.60B,-13.74%,"21,917.16"
202004,13.65,2.79,-1.39,2.51,-1.03,0.00,0.30,9.88B,11.08%,"24,345.72"
202005,5.58,1.93,-5.05,0.71,-3.28,0.01,1.57,8.01B,4.26%,"25,383.11"
202006,2.46,1.94,-2.35,0.03,0.34,0.01,2.21,9.82B,1.69%,"25,812.88"
202007,5.77,-3.03,-1.39,0.55,1.06,0.01,6.45,8.27B,2.38%,"26,428.32"
202008,7.63,-0.94,-2.94,4.27,-1.44,0.01,0.71,7.51B,7.57%,"28,430.05"
202009,-3.63,0.07,-2.51,-1.15,-1.77,0.01,2.40,10.05B,-2.28%,"27,781.70"
202010,-2.10,4.76,4.03,-0.60,-0.53,0.01,-1.69,8.51B,-4.61%,"26,501.60"
202011,12.47,6.75,2.11,-2.78,1.05,0.01,-10.92,7.92B,11.84%,"29,638.64"
202012,4.63,4.67,-1.36,-2.15,0.00,0.01,-0.09,8.18B,3.27%,"30,606.48"
202101,-0.03,6.88,2.85,-3.33,4.68,0.00,2.64,8.22B,-2.04%,"29,982.62"
202102,2.78,4.51,7.08,0.09,-1.97,0.00,-6.52,6.77B,3.17%,"30,932.37"
202103,3.08,-0.97,7.40,6.43,3.44,0.00,-4.83,9.79B,6.62%,"32,981.55"